site_report	date	lab_id	total_test	result_pending	total_positive	total_negative
1	1/28/2020	NPHL	4	1	1	2
2	1/29/2020	NPHL	4	0	1	3
3	1/30/2020	NPHL	5	0	1	4
4	1/31/2020	NPHL	5	0	1	4
5	2/2/2020	NPHL	6	1	1	4
6	2/4/2020	NPHL	14	0	1	13
7	2/5/2020	NPHL	14	0	1	13
8	2/6/2020	NPHL	18	0	1	17
9	2/7/2020	NPHL	18	0	1	17
10	2/9/2020	NPHL	18	0	1	17
11	2/10/2020	NPHL	18	0	1	17
12	2/11/2020	NPHL	18	0	1	17
13	2/12/2020	NPHL	20	0	1	19
14	2/13/2020	NPHL	24	0	1	23
15	2/14/2020	NPHL	24	0	1	23
16	2/16/2020	NPHL	34	0	1	33
17	2/17/2020	NPHL	34	0	1	33
18	2/18/2020	NPHL	35	0	1	34
19	2/19/2020	NPHL	210	0	1	209
20	2/20/2020	NPHL	212	0	1	211
21	2/23/2020	NPHL	216	0	1	215
22	2/24/2020	NPHL	217	0	1	216
23	2/25/2020	NPHL	217	0	1	216
24	2/26/2020	NPHL	221	0	1	221
25	2/25/2020	NPHL	221	0	1	220
26	2/28/2020	NPHL	224	0	1	223
27	3/1/2020	NPHL	243	0	1	242
28	3/2/2020	NPHL	425	0	1	424
29	3/3/2020	NPHL	433	0	1	432
30	3/4/2020	NPHL	433	0	1	432
31	3/6/2020	NPHL	437	0	1	436
32	3/10/2020	NPHL	445	0	1	444
33	3/11/2020	NPHL	447	0	1	446
34	3/12/2020	NPHL	450	0	1	449
35	3/13/2020	NPHL	456	0	1	455
36	3/15/2020	NPHL	467	0	1	466
37	3/16/2020	NPHL	478	0	1	477
38	3/17/2020	NPHL	496	0	1	495
39	3/18/2020	NPHL	512	0	1	511
40	3/19/2020	NPHL	529	0	1	528
41	3/20/2020	NPHL	546	0	1	545
42	3/22/2020	NPHL	572	0	1	571
43	3/23/2020	NPHL	610	0	2	607
44	3/24/2020	NPHL	610	0	2	608
45	3/25/2020	NPHL	687	0	3	684
46	3/26/2020	NPHL	758	0	3	755
47	3/27/2020	NPHL	802	0	3	799
48	3/28/2020	NPHL	875	0	5	870
49	3/29/2020	NPHL	917	0	5	912
50	3/30/2020	NPHL	993	0	5	988
51	3/31/2020	NPHL	1060	0	5	1055
52	4/1/2020	NPHL	1133	0	5	1128
52	4/1/2020	BPKIHS	12	0	0	12
53	4/2/2020	NPHL	1170	0	6	1164
53	4/2/2020	BPKIHS	12	0	0	12
53	4/2/2020	POKAHS	3	0	0	3
54	4/3/2020	NPHL	1229	0	6	1223
54	4/3/2020	BPKIHS	39	15	0	39
54	4/3/2020	VBDRTC	0	5	0	0
54	4/3/2020	POKAHS	19	13	0	6
54	4/3/2020	JPH	0	5	0	0
54	4/3/2020	SEPH	4	3	0	1
54	4/3/2020	SUPH	7	4	0	3
55	4/4/2020	NPHL	1441	0	9	1432
55	4/4/2020	BPKIHS	36	0	0	36
55	4/4/2020	JPH	0	6	0	0
55	4/4/2020	POKAHS	19	6	0	19
55	4/4/2020	SUPH	23	0	0	23
55	4/4/2020	SEPH	2	0	0	2
56	4/5/2020	NPHL	1529	0	9	1520
56	4/5/2020	BPKIHS	36	14	0	36
56	4/5/2020	JPH	6	2	0	6
56	4/5/2020	POKAHS	28	9	0	28
56	4/5/2020	SUPH	35	1	0	35
56	4/5/2020	SEPH	8	1	0	8
56	4/5/2020	VBDRTC	0	15	0	0
57	4/6/2020	NPHL	1697	0	9	1688
57	4/6/2020	BPKIHS	48	17	0	48
57	4/6/2020	JPH	6	25	0	6
57	4/6/2020	POKAHS	28	26	0	28
57	4/6/2020	SUPH	48	11	0	48
57	4/6/2020	SEPH	15	4	0	15
57	4/6/2020	VBDRTC	25	0	0	25
57	4/6/2020	DH	17	0	0	17
57	4/6/2020	PPHLSN	1	26	0	1
57	4/6/2020	NADIL	5	0	0	5
58	4/7/2020	NPHL	1796	0	9	1787
58	4/7/2020	BPKIHS	65	18	0	65
58	4/7/2020	JPH	15	16	0	15
58	4/7/2020	POKAHS	50	43	0	50
58	4/7/2020	SUPH	59	22	0	59
58	4/7/2020	SEPH	19	25	0	19
58	4/7/2020	VBDRTC	40	15	0	40
58	4/7/2020	DH	17	0	0	17
58	4/7/2020	PPHLSN	28	15	0	28
58	4/7/2020	NADIL	21	13	0	21
59	4/8/2020	NPHL	1965	0	9	1956
59	4/8/2020	BPKIHS	83	40	0	83
59	4/8/2020	JPH	18	4	0	18
59	4/8/2020	POKAHS	74	82	0	74
59	4/8/2020	SUPH	71	18	0	71
59	4/8/2020	SEPH	26	0	0	26
59	4/8/2020	VBDRTC	51	3	0	51
59	4/8/2020	DH	17	8	0	17
59	4/8/2020	PPHLSN	28	8	0	28
59	4/8/2020	NADIL	33	16	0	33
60	4/9/2020	NPHL	2382	0	9	2373
60	4/9/2020	BPKIHS	83	43	0	83
60	4/9/2020	JPH	22	10	0	22
60	4/9/2020	POKAHS	135	78	0	135
60	4/9/2020	SUPH	83	9	0	83
60	4/9/2020	SEPH	33	4	0	33
60	4/9/2020	VBDRTC	65	5	0	65
60	4/9/2020	DH	26	0	0	26
60	4/9/2020	PPHLSN	33	28	0	33
60	4/9/2020	NADIL	33	16	0	33
61	4/10/2020	NPHL	2783	0	9	2774
61	4/10/2020	BPKIHS	131	29	0	131
61	4/10/2020	JPH	29	36	0	29
61	4/10/2020	POKAHS	170	67	0	170
61	4/10/2020	SUPH	98	55	0	98
61	4/10/2020	SEPH	37	33	0	37
61	4/10/2020	VBDRTC	82	9	0	82
61	4/10/2020	DH	74	150	0	74
61	4/10/2020	PPHLSN	47	19	0	47
61	4/10/2020	NADIL	74	25	0	74
62	4/11/2020	NPHL	3392	0	9	3383
62	4/11/2020	BPKIHS	168	0	0	168
62	4/11/2020	JPH	37	6	0	37
62	4/11/2020	POKAHS	254	18	0	254
62	4/11/2020	SUPH	114	39	0	114
62	4/11/2020	SEPH	43	12	0	43
62	4/11/2020	VBDRTC	111	3	0	111
62	4/11/2020	DH	146	78	0	146
62	4/11/2020	PPHLSN	58	11	0	58
62	4/11/2020	NADIL	99	2	0	99
62	4/11/2020	BH	4	0	0	4
63	4/12/2020	NPHL	4020	0	12	4008
63	4/12/2020	BPKIHS	168	0	0	168
63	4/12/2020	JPH	37	6	0	37
63	4/12/2020	POKAHS	265	35	0	265
63	4/12/2020	SUPH	127	50	0	127
63	4/12/2020	SEPH	60	2	0	60
63	4/12/2020	VBDRTC	111	3	0	111
63	4/12/2020	DH	225	0	0	225
63	4/12/2020	PPHLSN	68	9	0	68
63	4/12/2020	NADIL	99	31	0	99
63	4/12/2020	BH	4	0	0	4
64	4/13/2020	NPHL	4432	0	14	4418
64	4/13/2020	BPKIHS	168	14	0	168
64	4/13/2020	JPH	42	5	0	42
64	4/13/2020	POKAHS	299	20	0	299
64	4/13/2020	SUPH	127	50	0	127
64	4/13/2020	SEPH	74	8	0	74
64	4/13/2020	VBDRTC	111	3	0	111
64	4/13/2020	DH	225	204	0	225
64	4/13/2020	PPHLSN	77	2	0	77
64	4/13/2020	NADIL	130	1	0	130
64	4/13/2020	BH	6	0	0	6
65	4/14/2020	NPHL	4819	0	16	4803
65	4/14/2020	BPKIHS	183	4	0	183
65	4/14/2020	KZH	35	0	0	35
65	4/14/2020	JPH	46	1	0	46
65	4/14/2020	POKAHS	316	13	0	316
65	4/14/2020	SUPH	138	0	0	138
65	4/14/2020	SEPH	93	113	0	93
65	4/14/2020	VBDRTC	111	3	0	111
65	4/14/2020	DH	319	110	0	319
65	4/14/2020	PPHLSN	79	1	0	79
65	4/14/2020	NADIL	154	0	0	154
65	4/14/2020	BH	6	0	0	6
66	4/15/2020	NPHL	5023	0	16	5007
66	4/15/2020	BPKIHS	195	8	0	195
66	4/15/2020	KZH	239	12	0	239
66	4/15/2020	JPH	47	16	0	47
66	4/15/2020	POKAHS	335	0	0	335
66	4/15/2020	SUPH	143	108	0	143
66	4/15/2020	SEPH	138	75	0	138
66	4/15/2020	VBDRTC	154	0	0	154
66	4/15/2020	DH	319	110	0	319
66	4/15/2020	PPHLSN	86	8	0	86
66	4/15/2020	NADIL	167	0	0	178
66	4/15/2020	BH	14	0	0	14
67	4/16/2020	NPHL	5153	0	16	5137
67	4/16/2020	BPKIHS	195	8	0	195
67	4/16/2020	KZH	303	31	0	303
67	4/16/2020	JPH	50	32	0	50
67	4/16/2020	POKAHS	345	0	0	345
67	4/16/2020	SUPH	150	105	0	150
67	4/16/2020	SEPH	159	68	0	159
67	4/16/2020	VBDRTC	167	0	0	167
67	4/16/2020	DH	391	38	0	391
67	4/16/2020	PPHLSN	97	27	0	97
67	4/16/2020	NADIL	206	0	0	206
67	4/16/2020	BH	24	0	0	24
68	4/17/2020	NPHL	5417	0	16	5137
68	4/17/2020	BPKIHS	208	0	0	208
68	4/17/2020	KZH	306	35	0	35
68	4/17/2020	JPH	55	27	0	27
68	4/17/2020	POKAHS	383	8	0	8
68	4/17/2020	SUPH	156	108	0	108
68	4/17/2020	SEPH	186	67	0	67
68	4/17/2020	VBDRTC	194	0	0	0
68	4/17/2020	DH	448	0	0	0
68	4/17/2020	PPHLSN	105	21	0	21
68	4/17/2020	NADIL	240	2	0	2
68	4/17/2020	BH	24	0	0	0
69	4/18/2020	NPHL	5469	0	14	5439
69	4/18/2020	BPKIHS	219	10	0	219
69	4/18/2020	KZH	327	44	0	327
69	4/18/2020	JPH	63	27	0	63
69	4/18/2020	POKAHS	394	9	0	394
69	4/18/2020	SUPH	170	24	0	170
69	4/18/2020	SEPH	250	9	0	250
69	4/18/2020	VBDRTC	194	3	0	194
69	4/18/2020	DH	448	0	0	448
69	4/18/2020	PPHLSN	116	17	0	116
69	4/18/2020	NADIL	248	0	0	248
69	4/18/2020	BH	41	0	0	41
70	4/19/2020	NPHL	5527	0	31	5496
70	4/19/2020	BPKIHS	219	16	0	219
70	4/19/2020	KZH	349	80	0	349
70	4/19/2020	JPH	77	13	0	77
70	4/19/2020	POKAHS	405	8	0	405
70	4/19/2020	SUPH	184	11	0	184
70	4/19/2020	SEPH	259	3	0	259
70	4/19/2020	VBDRTC	197	41	0	197
70	4/19/2020	DH	448	0	0	448
70	4/19/2020	PPHLSN	127	7	0	127
70	4/19/2020	NADIL	248	0	0	248
70	4/19/2020	BH	41	4	0	41
71	4/20/2020	NPHL	5618	0	31	5587
71	4/20/2020	BPKIHS	249	0	0	249
71	4/20/2020	KZH	371	53	0	371
71	4/20/2020	JPH	86	4	0	86
71	4/20/2020	POKAHS	413	6	0	413
71	4/20/2020	SUPH	198	6	0	198
71	4/20/2020	SEPH	270	11	0	270
71	4/20/2020	VBDRTC	242	0	0	242
71	4/20/2020	DH	461	0	0	461
71	4/20/2020	PPHLSN	135	11	0	135
71	4/20/2020	NADIL	315	3	0	315
71	4/20/2020	BH	47	6	0	47
71	4/20/2020	BZH	9	0	0	9
72	4/21/2020	NPHL	5771	0	32	5739
72	4/21/2020	BPKIHS	297	31	0	297
72	4/21/2020	KZH	416	0	0	416
72	4/21/2020	JPH	91	0	0	91
72	4/21/2020	POKAHS	419	9	0	419
72	4/21/2020	SUPH	204	3	0	204
72	4/21/2020	SEPH	301	7	0	301
72	4/21/2020	VBDRTC	263	0	0	263
72	4/21/2020	DH	474	0	0	474
72	4/21/2020	PPHLSN	142	5	0	142
72	4/21/2020	NADIL	318	0	0	318
72	4/21/2020	BH	58	0	0	58
72	4/21/2020	BZH	9	0	0	9
73	4/22/2020	NPHL	5929	0	34	5895
73	4/22/2020	BPKIHS	329	40	11	318
73	4/22/2020	KZH	416	0	0	416
73	4/22/2020	JPH	93	0	0	93
73	4/22/2020	NADIL	318	0	0	318
73	4/22/2020	PPHLSN	144	5	0	144
73	4/22/2020	BH	64	0	0	64
73	4/22/2020	POKAHS	428	7	0	428
73	4/22/2020	VBDRTC	284	0	0	284
73	4/22/2020	DH	464	0	0	464
73	4/22/2020	PAHS	3	0	0	3
73	4/22/2020	SUPH	207	1	0	207
73	4/22/2020	BZH	12	7	0	12
73	4/22/2020	SEPH	313	5	0	313
74	4/23/2020	NPHL	6028	0	36	5992
74	4/23/2020	BPKIHS	365	2	11	354
74	4/23/2020	KZH	416	0	0	416
74	4/23/2020	JPH	93	0	0	93
74	4/23/2020	NADIL	318	0	0	318
74	4/23/2020	PPHLSN	149	2	0	149
74	4/23/2020	BH	71	5	0	71
74	4/23/2020	POKAHS	434	8	0	434
74	4/23/2020	VBDRTC	297	0	0	297
74	4/23/2020	DH	474	0	0	474
74	4/23/2020	PAHS	3	3	0	3
74	4/23/2020	SUPH	207	0	0	207
74	4/23/2020	BZH	19	6	0	19
74	4/23/2020	SEPH	326	65	0	326
75	4/24/2020	NPHL	6112	0	36	6076
75	4/24/2020	BPKIHS	371	0	12	359
75	4/24/2020	KZH	416	0	0	416
75	4/24/2020	JPH	102	0	0	102
75	4/24/2020	NADIL	329	22	0	329
75	4/24/2020	PPHLSN	153	4	0	153
75	4/24/2020	BH	77	0	0	77
75	4/24/2020	POKAHS	445	2	0	445
75	4/24/2020	VBDRTC	335	0	0	335
75	4/24/2020	DH	474	0	0	474
75	4/24/2020	PAHS	12	0	0	12
75	4/24/2020	SUPH	210	0	0	210
75	4/24/2020	BZH	23	2	0	23
75	4/24/2020	SEPH	347	61	0	347
76	4/25/2020	NPHL	6221	0	36	6185
76	4/25/2020	BPKIHS	417	0	13	404
76	4/25/2020	KZH	416	20	0	416
76	4/25/2020	JPH	113	0	0	113
76	4/25/2020	NADIL	353	0	0	353
76	4/25/2020	PPHLSN	156	0	0	156
76	4/25/2020	BH	85	0	0	85
76	4/25/2020	POKAHS	445	21	0	445
76	4/25/2020	VBDRTC	340	0	0	340
76	4/25/2020	DH	474	0	0	474
76	4/25/2020	PAHS	12	0	0	12
76	4/25/2020	SUPH	210	0	0	210
76	4/25/2020	BZH	23	18	0	23
76	4/25/2020	SEPH	401	18	0	401
77	4/26/2020	NPHL	6409	0	38	6371
77	4/26/2020	BPKIHS	417	0	13	404
77	4/26/2020	KZH	416	0	0	416
77	4/26/2020	JPH	113	0	0	113
77	4/26/2020	NADIL	355	0	0	355
77	4/26/2020	PPHLSN	156	2	0	156
77	4/26/2020	BH	85	0	0	85
77	4/26/2020	POKAHS	466	1	0	466
77	4/26/2020	VBDRTC	345	4	0	345
77	4/26/2020	DH	474	0	0	474
77	4/26/2020	PAHS	12	0	0	12
77	4/26/2020	SUPH	210	9	0	210
77	4/26/2020	BZH	41	0	0	41
77	4/26/2020	SEPH	431	0	0	431
78	4/27/2020	NPHL	6716	0	38	6678
78	4/27/2020	BPKIHS	478	0	13	465
78	4/27/2020	KZH	417	118	1	416
78	4/27/2020	JPH	113	0	0	113
78	4/27/2020	NADIL	364	1	0	364
78	4/27/2020	PPHLSN	169	0	0	169
78	4/27/2020	BH	95	0	0	95
78	4/27/2020	POKAHS	466	2	0	466
78	4/27/2020	VBDRTC	355	10	0	355
78	4/27/2020	DH	491	0	0	491
78	4/27/2020	PAHS	13	0	0	13
78	4/27/2020	SUPH	210	9	0	210
78	4/27/2020	BZH	41	8	0	41
78	4/27/2020	SEPH	443	2	0	443
79	4/28/2020	NPHL	6868	0	40	6828
79	4/28/2020	BPKIHS	583	0	13	570
79	4/28/2020	KZH	428	118	1	427
79	4/28/2020	JPH	113	0	0	113
79	4/28/2020	NADIL	364	1	0	364
79	4/28/2020	PPHLSN	200	0	0	200
79	4/28/2020	BH	101	0	0	101
79	4/28/2020	POKAHS	470	2	0	470
79	4/28/2020	VBDRTC	362	10	0	362
79	4/28/2020	DH	497	0	0	497
79	4/28/2020	PAHS	13	0	0	13
79	4/28/2020	SUPH	210	9	0	210
79	4/28/2020	BZH	41	8	0	41
79	4/28/2020	SEPH	457	2	0	457
80	4/29/2020	NPHL	7265	0	43	7222
80	4/29/2020	BPKIHS	680	206	13	667
80	4/29/2020	KZH	490	153	1	489
80	4/29/2020	JPH	113	0	0	113
80	4/29/2020	NADIL	364	29	0	364
80	4/29/2020	PPHLSN	246	61	0	246
80	4/29/2020	BH	108	0	0	108
80	4/29/2020	POKAHS	480	8	0	480
80	4/29/2020	VBDRTC	385	0	0	385
80	4/29/2020	DH	584	0	0	584
80	4/29/2020	PAHS	17	0	0	17
80	4/29/2020	SUPH	222	98	0	222
80	4/29/2020	BZH	98	49	0	98
80	4/29/2020	SEPH	472	3	0	472
81	4/30/2020	NPHL	7371	0	43	7328
81	4/30/2020	BPKIHS	752	184	13	739
81	4/30/2020	KZH	548	115	1	547
81	4/30/2020	JPH	113	0	0	113
81	4/30/2020	NADIL	364	29	0	364
81	4/30/2020	PPHLSN	309	4	0	309
81	4/30/2020	BH	120	0	0	120
81	4/30/2020	POKAHS	490	8	0	490
81	4/30/2020	VBDRTC	409	0	0	409
81	4/30/2020	DH	589	0	0	589
81	4/30/2020	PAHS	21	0	0	21
81	4/30/2020	SUPH	266	50	0	266
81	4/30/2020	BZH	139	54	0	139
81	4/30/2020	SEPH	484	52	0	484
82	5/1/2020	NPHL	7638	0	43	7595
82	5/1/2020	BPKIHS	848	88	13	835
82	5/1/2020	KZH	641	85	1	640
82	5/1/2020	JPH	113	0	0	113
82	5/1/2020	NADIL	393	0	0	393
82	5/1/2020	PPHLSN	316	4	0	316
82	5/1/2020	BH	134	0	0	134
82	5/1/2020	POKAHS	506	3	0	506
82	5/1/2020	VBDRTC	412	0	0	412
82	5/1/2020	DH	589	0	0	589
82	5/1/2020	PAHS	23	2	0	23
82	5/1/2020	SUPH	266	50	0	266
82	5/1/2020	BZH	192	67	2	190
82	5/1/2020	SEPH	506	37	0	506
83	5/2/2020	NPHL	7832	0	43	7789
83	5/2/2020	BPKIHS	938	0	13	925
83	5/2/2020	KZH	641	99	1	640
83	5/2/2020	PPHLBR	49	0	0	49
83	5/2/2020	JPH	113	0	0	113
83	5/2/2020	NADIL	393	0	0	393
83	5/2/2020	PPHLSN	316	4	0	316
83	5/2/2020	BH	139	0	0	139
83	5/2/2020	POKAHS	509	0	0	509
83	5/2/2020	VBDRTC	418	0	0	418
83	5/2/2020	DH	589	0	0	589
83	5/2/2020	PAHS	23	2	0	23
83	5/2/2020	SUPH	351	0	0	351
83	5/2/2020	BZH	256	73	2	254
83	5/2/2020	SEPH	531	17	0	531
84	5/3/2020	NPHL	7931	0	44	7887
84	5/3/2020	BPKIHS	938	11	13	925
84	5/3/2020	KZH	707	60	1	706
84	5/3/2020	PPHLBR	64	0	0	64
84	5/3/2020	JPH	113	0	0	113
84	5/3/2020	NADIL	393	0	0	393
84	5/3/2020	PPHLSN	336	1	0	336
84	5/3/2020	BH	139	0	0	139
84	5/3/2020	POKAHS	509	0	0	509
84	5/3/2020	VBDRTC	418	0	0	418
84	5/3/2020	DH	589	0	0	589
84	5/3/2020	PAHS	26	0	0	26
84	5/3/2020	SUPH	353	0	0	353
84	5/3/2020	BZH	340	81	11	329
84	5/3/2020	SEPH	568	11	0	568
85	5/4/2020	NPHL	7955	0	44	7911
85	5/4/2020	BPKIHS	952	0	13	939
85	5/4/2020	KZH	767	34	1	766
85	5/4/2020	PPHLBR	91	5	0	91
85	5/4/2020	JPH	113	0	0	113
85	5/4/2020	NADIL	393	0	0	393
85	5/4/2020	VBDRTC	432	0	0	432
85	5/4/2020	DH	593	0	0	593
85	5/4/2020	PAHS	27	0	0	27
85	5/4/2020	BH	150	0	0	150
85	5/4/2020	POKAHS	509	2	0	509
85	5/4/2020	PPHLSN	337	0	0	337
85	5/4/2020	BZH	387	45	17	370
85	5/4/2020	SUPH	353	0	0	353
85	5/4/2020	SEPH	581	58	0	581
86	5/5/2020	NPHL	8009	0	44	7965
86	5/5/2020	BPKIHS	954	0	13	941
86	5/5/2020	KZH	801	31	1	800
86	5/5/2020	PPHLBR	113	0	0	113
86	5/5/2020	JPH	113	0	0	113
86	5/5/2020	NADIL	393	0	0	393
86	5/5/2020	VBDRTC	435	0	0	435
86	5/5/2020	DH	594	2	0	594
86	5/5/2020	PAHS	29	0	0	29
86	5/5/2020	BH	150	0	0	150
86	5/5/2020	POKAHS	512	10	0	512
86	5/5/2020	PPHLSN	337	0	0	337
86	5/5/2020	BZH	434	2	24	410
86	5/5/2020	RAHS	10	0	0	10
86	5/5/2020	SUPH	353	19	0	353
86	5/5/2020	KAHS	8	0	0	8
86	5/5/2020	SEPH	605	51	0	605
87	5/6/2020	NPHL	8146	0	61	8085
87	5/6/2020	BPKIHS	977	0	13	964
87	5/6/2020	KZH	801	31	1	800
87	5/6/2020	PPHLBR	117	0	0	117
87	5/6/2020	JPH	113	0	0	113
87	5/6/2020	NADIL	393	0	0	393
87	5/6/2020	VBDRTC	460	0	0	460
87	5/6/2020	DH	594	92	0	594
87	5/6/2020	PAHS	38	0	0	38
87	5/6/2020	BH	150	0	0	150
87	5/6/2020	POKAHS	522	10	0	522
87	5/6/2020	PPHLSN	337	0	0	337
87	5/6/2020	BZH	434	64	24	410
87	5/6/2020	RAHS	29	0	0	29
87	5/6/2020	SUPH	372	17	0	372
87	5/6/2020	KAHS	8	8	0	8
87	5/6/2020	SEPH	605	51	0	605
88	5/7/2020	NPHL	8271	0	61	8210
88	5/7/2020	BPKIHS	985	0	13	972
88	5/7/2020	KZH	848	251	1	847
88	5/7/2020	PPHLBR	123	0	0	123
88	5/7/2020	JPH	113	0	0	113
88	5/7/2020	NADIL	393	0	0	393
88	5/7/2020	VBDRTC	462	0	0	462
88	5/7/2020	DH	686	0	0	686
88	5/7/2020	PAHS	40	0	0	40
88	5/7/2020	BH	150	0	0	150
88	5/7/2020	POKAHS	536	25	0	536
88	5/7/2020	PPHLSN	336	0	0	336
88	5/7/2020	BZH	498	152	24	474
88	5/7/2020	RAHS	59	0	0	59
88	5/7/2020	SUPH	372	17	0	372
88	5/7/2020	KAHS	31	24	0	31
88	5/7/2020	SEPH	607	49	0	607
89	5/8/2020	NPHL	8923	0	63	8860
89	5/8/2020	BPKIHS	985	114	13	972
89	5/8/2020	KZH	904	195	1	903
89	5/8/2020	PPHLBR	144	0	0	144
89	5/8/2020	JPH	113	0	0	113
89	5/8/2020	NADIL	393	0	0	393
89	5/8/2020	VBDRTC	462	0	0	462
89	5/8/2020	DH	686	0	0	686
89	5/8/2020	PAHS	42	0	0	42
89	5/8/2020	BH	150	0	0	150
89	5/8/2020	POKAHS	632	3	0	632
89	5/8/2020	PPHLSN	336	0	0	336
89	5/8/2020	BZH	652	48	25	627
89	5/8/2020	RAHS	59	1	0	59
89	5/8/2020	SUPH	372	17	0	372
89	5/8/2020	KAHS	31	44	0	31
89	5/8/2020	SEPH	609	55	0	609
90	5/9/2020	NPHL	9362	0	70	9292
90	5/9/2020	BPKIHS	1081	100	13	1068
90	5/9/2020	KZH	1010	112	1	1009
90	5/9/2020	PPHLBR	171	0	0	171
90	5/9/2020	JPH	113	0	0	113
90	5/9/2020	NADIL	393	27	0	393
90	5/9/2020	VBDRTC	462	0	0	462
90	5/9/2020	DH	686	0	0	686
90	5/9/2020	PAHS	42	0	0	42
90	5/9/2020	BH	150	0	0	150
90	5/9/2020	POKAHS	635	5	0	635
90	5/9/2020	PPHLSN	337	0	0	337
90	5/9/2020	BZH	713	7	25	688
90	5/9/2020	RAHS	97	0	0	97
90	5/9/2020	SUPH	372	4	0	372
90	5/9/2020	KAHS	77	0	0	77
90	5/9/2020	SEPH	608	55	0	608
91	5/10/2020	NPHL	9614	0	71	9543
91	5/10/2020	BPKIHS	1081	100	13	1068
91	5/10/2020	KZH	1133	143	1	1132
91	5/10/2020	PPHLBR	181	0	0	181
91	5/10/2020	JPH	113	0	0	113
91	5/10/2020	NSRH	102	0	0	102
91	5/10/2020	NADIL	439	0	0	439
91	5/10/2020	VBDRTC	462	0	0	462
91	5/10/2020	DH	686	0	0	686
91	5/10/2020	PAHS	47	0	0	47
91	5/10/2020	BH	150	0	0	150
91	5/10/2020	POKAHS	642	2	0	642
91	5/10/2020	PPHLSN	337	50	0	337
91	5/10/2020	BZH	720	80	25	695
91	5/10/2020	RAHS	97	0	0	97
91	5/10/2020	SUPH	373	11	0	373
91	5/10/2020	KAHS	77	0	0	77
91	5/10/2020	SEPH	641	25	0	641
92	5/11/2020	NPHL	10037	NA	81	9956
92	5/11/2020	BPKIHS	1082	NA	14	1068
92	5/11/2020	KZH	1168	NA	1	1167
92	5/11/2020	PPHLBR	196	NA	0	196
92	5/11/2020	JPH	113	NA	0	113
92	5/11/2020	NSRH	156	NA	0	156
92	5/11/2020	NADIL	449	NA	0	449
92	5/11/2020	VBDRTC	462	NA	0	462
92	5/11/2020	DH	921	NA	0	921
92	5/11/2020	PAHS	48	NA	0	48
92	5/11/2020	BH	163	NA	0	163
92	5/11/2020	POKAHS	642	NA	0	642
92	5/11/2020	PPHLSN	337	NA	0	337
92	5/11/2020	BZH	786	NA	25	761
92	5/11/2020	RAHS	97	NA	0	97
92	5/11/2020	SUPH	389	NA	0	389
92	5/11/2020	KAHS	77	NA	0	77
92	5/11/2020	SEPH	686	NA	0	686
93	5/12/2020	NPHL	10569	NA	151	10418
93	5/12/2020	BPKIHS	1169	NA	14	1155
93	5/12/2020	KZH	1242	NA	1	1241
93	5/12/2020	PPHLBR	208	NA	0	208
93	5/12/2020	JPH	113	NA	0	113
93	5/12/2020	NSRH	215	NA	0	215
93	5/12/2020	NADIL	475	NA	0	47
93	5/12/2020	VBDRTC	480	NA	0	480
93	5/12/2020	DH	921	NA	0	921
93	5/12/2020	PAHS	49	NA	0	49
93	5/12/2020	BH	177	NA	0	177
93	5/12/2020	POKAHS	669	NA	0	669
93	5/12/2020	PPHLSN	510	NA	0	510
93	5/12/2020	BZH	871	NA	25	846
93	5/12/2020	RAHS	97	NA	0	97
93	5/12/2020	SUPH	389	NA	0	389
93	5/12/2020	KAHS	77	NA	0	77
93	5/12/2020	SEPH	733	NA	0	733
94	5/13/2020	NPHL	10927	NA	178	10749
94	5/13/2020	BPKIHS	1181	NA	14	1167
94	5/13/2020	KZH	1329	NA	1	1328
94	5/13/2020	PPHLBR	233	NA	0	233
94	5/13/2020	JPH	113	NA	0	113
94	5/13/2020	NSRH	220	NA	0	220
94	5/13/2020	NADIL	513	NA	0	513
94	5/13/2020	VBDRTC	486	NA	0	486
94	5/13/2020	DH	1234	NA	1	1233
94	5/13/2020	PAHS	53	NA	0	53
94	5/13/2020	BH	188	NA	0	188
94	5/13/2020	POKAHS	676	NA	0	676
94	5/13/2020	PPHLSN	639	NA	0	639
94	5/13/2020	BZH	1022	NA	25	997
94	5/13/2020	RAHS	363	NA	0	363
94	5/13/2020	SUPH	457	NA	0	457
94	5/13/2020	KAHS	923	NA	0	923
94	5/13/2020	SEPH	783	NA	0	783
95	5/14/2020	NPHL	11767	NA	193	11574
95	5/14/2020	BPKIHS	1212	NA	14	1198
95	5/14/2020	KZH	1338	NA	1	1337
95	5/14/2020	PPHLBR	249	NA	0	249
95	5/14/2020	JPH	113	NA	0	113
95	5/14/2020	NSRH	272	NA	0	272
95	5/14/2020	NADIL	566	NA	0	566
95	5/14/2020	VBDRTC	511	NA	0	511
95	5/14/2020	DH	1234	NA	1	1233
95	5/14/2020	PAHS	56	NA	0	56
95	5/14/2020	BH	198	NA	0	198
95	5/14/2020	POKAHS	687	NA	0	687
95	5/14/2020	PPHLSN	703	NA	12	691
95	5/14/2020	BZH	1119	NA	25	1094
95	5/14/2020	RAHS	363	NA	0	363
95	5/14/2020	SUPH	457	NA	0	457
95	5/14/2020	KAHS	939	NA	0	939
95	5/14/2020	SEPH	880	NA	0	880
96	5/15/2020	NPHL	12316	NA	196	12120
96	5/15/2020	BPKIHS	1256	NA	14	1242
96	5/15/2020	KZH	1419	NA	1	1418
96	5/15/2020	PPHLBR	270	NA	0	270
96	5/15/2020	JPH	113	NA	0	113
96	5/15/2020	NSRH	272	NA	0	272
96	5/15/2020	NADIL	627	NA	0	627
96	5/15/2020	VBDRTC	521	NA	0	521
96	5/15/2020	DH	1242	NA	1	1241
96	5/15/2020	PAHS	76	NA	0	76
96	5/15/2020	BH	232	NA	0	232
96	5/15/2020	POKAHS	733	NA	0	733
96	5/15/2020	PPHLSN	791	NA	12	779
96	5/15/2020	BZH	1200	NA	34	1166
96	5/15/2020	RAHS	457	NA	0	457
96	5/15/2020	SUPH	457	NA	0	457
96	5/15/2020	KAHS	949	NA	0	949
96	5/15/2020	SEPH	983	NA	0	983
97	5/16/2020	NPHL	13813	NA	208	13605
97	5/16/2020	BPKIHS	1326	NA	15	1311
97	5/16/2020	KZH	1438	NA	1	1437
97	5/16/2020	PPHLBR	291	NA	0	291
97	5/16/2020	JPH	113	NA	0	113
97	5/16/2020	NSRH	338	NA	0	338
97	5/16/2020	NADIL	699	NA	0	699
97	5/16/2020	VBDRTC	567	NA	0	567
97	5/16/2020	DH	1265	NA	2	1263
97	5/16/2020	PAHS	84	NA	0	84
97	5/16/2020	BH	300	NA	0	300
97	5/16/2020	POKAHS	755	NA	0	755
97	5/16/2020	PPHLSN	873	NA	15	858
97	5/16/2020	BZH	1302	NA	37	1265
97	5/16/2020	RAHS	548	NA	0	548
97	5/16/2020	SUPH	936	NA	0	936
97	5/16/2020	KAHS	949	NA	0	949
97	5/16/2020	SEPH	1094	NA	0	1094
98	5/17/2020	NPHL	14723	NA	221	14502
98	5/17/2020	BPKIHS	1326	NA	15	1311
98	5/17/2020	KZH	1477	NA	1	1476
98	5/17/2020	PPHLBR	294	NA	0	294
98	5/17/2020	JPH	113	NA	0	113
98	5/17/2020	NSRH	408	NA	0	408
98	5/17/2020	NADIL	699	NA	0	699
98	5/17/2020	VBDRTC	587	NA	0	587
98	5/17/2020	DH	1265	NA	2	1263
98	5/17/2020	PAHS	84	NA	0	84
98	5/17/2020	BH	300	NA	0	300
98	5/17/2020	POKAHS	834	NA	0	834
98	5/17/2020	PPHLSN	969	NA	15	954
98	5/17/2020	BZH	1313	NA	38	1275
98	5/17/2020	RAHS	548	NA	0	548
98	5/17/2020	SUPH	1054	NA	0	1054
98	5/17/2020	KAHS	949	NA	0	949
98	5/17/2020	SEPH	1218	NA	0	1218
